<?xml version="1.0" encoding="UTF-8"?>
<project-private xmlns="http://www.netbeans.org/ns/project-private/1">
    <editor-bookmarks xmlns="http://www.netbeans.org/ns/editor-bookmarks/2" lastBookmarkId="0"/>
    <open-files xmlns="http://www.netbeans.org/ns/projectui-open-files/2">
        <group>
            <file>file:/Z:/hayashi-s/97_workspace/JavaUserManagementSystem/src/java/jums/UserDataDAO.java</file>
            <file>file:/Z:/hayashi-s/97_workspace/JavaUserManagementSystem/web/index.jsp</file>
            <file>file:/Z:/hayashi-s/97_workspace/JavaUserManagementSystem/src/java/jums/InsertResult.java</file>
            <file>file:/Z:/hayashi-s/97_workspace/JavaUserManagementSystem/src/java/jums/InsertConfirm.java</file>
            <file>file:/Z:/hayashi-s/97_workspace/JavaUserManagementSystem/src/java/jums/Insert.java</file>
            <file>file:/Z:/hayashi-s/97_workspace/JavaUserManagementSystem/web/insert.jsp</file>
            <file>file:/Z:/hayashi-s/97_workspace/JavaUserManagementSystem/src/java/jums/UserDataDTO.java</file>
            <file>file:/Z:/hayashi-s/97_workspace/JavaUserManagementSystem/web/insertconfirm.jsp</file>
            <file>file:/Z:/hayashi-s/97_workspace/JavaUserManagementSystem/web/insertresult.jsp</file>
            <file>file:/Z:/hayashi-s/97_workspace/JavaUserManagementSystem/src/java/jums/JumsHelper.java</file>
        </group>
    </open-files>
</project-private>
